"id","title","interpreter","composer","texter","album","language","instrumentation","velocity","volume","atmosphere","all_genres","feelings"
1,Schon bald,,Lin-Manuel Miranda,Lin-Manuel Miranda,Alexander Hamilton (Musical),,Vocal,Medium,Balanced,,Musical,"Majestic,Playful,Triumphant,Restless"
2,Es ist ruhiger Uptown,,Lin-Manuel Miranda,Lin-Manuel Miranda,Alexander Hamilton (Musical),,Vocal,Slow,Calm,Melancholic,Musical,"Melancholic,Hopeful,Nostalgic"
3,Norwegian Sunset,Bent Fabricius-Bjerre,Bent Fabricius-Bjerre,,,,Instrumental,Medium,Balanced,Neutral,Ambient,Majestic
4,In the Hall of the Mountain King,,Edvard Grieg,,,,Instrumental,From Slow to Fast,From Quiet to Loud,Neutral,Classical,"Mysterious,Playful,Triumphant,Restless"
5,Mr. Blue Sky,Electric Light Orchestra,Electric Light Orchestra,Electric Light Orchestra,,,,Fast,Loud,Euphoric,"Pop-Rock,Symphonic Rock,Progressive Pop,Barock-Pop,Glam Rock","Hopeful,Nostalgic,Playful,Triumphant,Euphorisch"
6,Cielo Andaluz,,Pascual Marquina Narro,,,,Instrumental,Medium,Balanced,Neutral,"Paso Doble,Blasmusik,Flamenco,Konzertmusik","Hopeful,Nostalgic,Majestic,Triumphant,Energiegeladen,Dramatisch,Folkloristisch"
7,Concierto de Aranjuez,Joaquín Rodrigo,Joaquín Rodrigo,,,,Instrumental,Slow,Calm,Melancholic,"Flamenco,Konzertmusik,Gitarrenkonzert,Neoklassizismus,Impressionistisch","Melancholic,Passionate,Nostalgic,Dramatisch,Lyrisch/poetisch,Befreiend"
8,La Virgen de la Macarena,,Bernardo Bautista Monterde,,,,Instrumental,Medium,Loud,Neutral,"Paso Doble,Blasmusik,Flamenco,Neoklassizismus,Marschmusik,Prozessionsmarsch,Religiös","Nostalgic,Majestic,Triumphant,Energiegeladen,Dramatisch,Lyrisch/poetisch"
9,El Quijote,,Ferrer Ferran,,,,Instrumental,Medium,Loud,Euphoric,"Paso Doble,Blasmusik,Konzertmusik,Programmmusik,Filmmusik,Neoromantisch","Nostalgic,Dramatisch,Befreiend,Heroisch/episch,Traumhaft/surreal,Humorvoll/ironisch"
10,Barcelona,Freddie Mercury,Freddie Mercury,,,,Vocal,Medium,Loud,Euphoric,"Symphonic Rock,Progressive Pop,Flamenco,Neoromantisch,Swing","Passionate,Hopeful,Nostalgic,Mysterious,Triumphant,Dramatisch,Heroisch/episch,Traumhaft/surreal"
11,Fandango,,Frank Perkins,,,,Instrumental,Fast,Balanced,Happy,"Jazz,Latin Jazz,Tanzmusik","Nostalgic,Playful,Energiegeladen,Humorvoll/ironisch,Exotisch,Romantisch"
12,Hijo de la Luna,Mecano,José María Cano,,Entre el Cielo y el Suelo“,,Vocal,Fast,Balanced,Dark,"Flamenco,Synthpop,New Wave,Art Pop,Pop,Gothic Pop","Melancholic,Hopeful,Nostalgic,Mysterious,Dramatisch,Traumhaft/surreal"
13,Granada,Augustin Lara,Augustin Lara,,,,Vocal,From Slow to Fast,Calm,Happy,"Flamenco,Latin,Latin Bolero,Copla Andalusa,Latin Pop","Melancholic,Passionate,Nostalgic,Triumphant,Lyrisch/poetisch,Romantisch"
14,La Oreja de Oro,Mariano San Miguel,Mariano San Miguel,,,,Instrumental,Medium,Balanced,Neutral,"Paso Doble,Blasmusik,Flamenco,Neoklassizismus,Marschmusik,Prozessionsmarsch","Passionate,Nostalgic,Triumphant,Energiegeladen,Dramatisch"
15,Macarena,Los del Rios,Los del Rios,,A mí me gusta,,Vocal,Fast,Loud,Happy,"Flamenco,Tanzmusik,Pop,Rumba,Eurodance,Novelty Song","Playful,Euphorisch,Energiegeladen,Exotisch"
16,Rondo alla Turca,,Wolfgang Amadeus Mozart,,,,Instrumental,Fast,Calm,Neutral,"Classical,Marschmusik,Programmmusik,Rondo,Türkischer Marsch,Sinfonie","Energiegeladen,Exotisch"
17,Sinfonie Nr. 9 in E-Moll „Aus der neuen Welt“: IV. Allegro con fuoco,,Antonín Dvořák,,,,Instrumental,Medium,Loud,Euphoric,"Programmmusik,Sinfonie","Passionate,Majestic,Triumphant,Dramatisch,Befreiend,Heroisch/episch,Romantisch,Kraftvoll"
18,"Serenade No. 13 in G Major, K. 525 ""Eine kleine Nachtmusik"": II. Romance",,Wolfgang Amadeus Mozart,,,,Instrumental,Slow,Calm,Melancholic,"Serenade,Kammermusik,Streichermusik,Divertimento","Melancholic,Lyrisch/poetisch,Traumhaft/surreal,Romantisch,Zärtlichkeit,Innere Ruhe"
19,Trompetenkonzert in Es-Dur,,Joseph Haydn,,,,Instrumental,Medium,Balanced,Happy,"Orchestermusik,Kammermusik,Solokonzert,Trompetenkonzert","Triumphant,Lyrisch/poetisch,Zärtlichkeit,Virtuosität,Pioniergeist"
20,"Peer Gynt Suite No. 1, Op. 46: Peet Gynt Suite No. 1, Op. 46: I. Morning",,Edvard Grieg,,,,Instrumental,Medium,Calm,Happy,"Programmmusik,Orchestermusik,Bühnenmusik,Populäre Klassik","Hopeful,Lyrisch/poetisch,Romantisch,Zärtlichkeit,Innere Ruhe,Friedlich,Heiterkeit,Aufbruch,Natur,Märchenhaft"
21,Pomp and Circumstance March No. 1,,Edward Elgar,,,,Instrumental,Medium,Loud,Euphoric,"Marschmusik,Populäre Klassik,Militärmarsch,Zeremonielle Musik,Festmusik","Passionate,Hopeful,Majestic,Triumphant,Heiterkeit,Stolz,Patriotismus"
22,"21 Hungarian Dances for Orchestra, WoO 1: No. 5, Allegro",,Johannes Brahms,,,,Instrumental,Fast,Aggressive,Euphoric,"Tanzmusik,Orchestermusik,Kammermusik,Populäre Klassik,Charakterstück","Passionate,Playful,Energiegeladen,Exotisch,Virtuosität"
23,Il bene si avvera (ci sono anch'io),Niccolò Agliardi,,,Braccialetti Rossi 2,italienisch,,,,,,
24,Tempo ipotetico,Niccolò Agliardi,,,,italienisch,,,,,,
25,Alla fine del peggio,Niccolò Agliardi,,,,italienisch,,,,,,
26,Conta,Niccolò Agliardi,,,,italienisch,,,,,,
27,"Io non ho finito
",Niccolò Agliardi,,,,italienisch,,,,,,
28,Simili,Laura Pausini,,,,italienisch,,,,,,
29,Perfetto,Eros Ramazzotti,,,Perfetto,italienisch,,,,,,
30,Il mio giorno più bello nel mondo,Francesco Renga,,,Tempo Reale Extra,italienisch,,,,,,
31,Pianeti,Ultimo,,,,italienisch,,,,,,
32,SNAP (Italian),Rosa Linn,,,SNAP PACK,italienisch-englisch,,,,,,
33,L'inizio del mondo (sigla),Niccolò Agliardi,,,Braccialetti Rossi 2,italienisch,,,,,,
34,IO CANTO,Laura Pausini,,,IO CANTO,italienisch,,,,,,
35,Primavera in anticipo,Laura Pausini,,,Primavera in anticipo,italienisch,,,,,,
36,Eccoti (La storia più incredibile che conosco),Max Pezzali,Max Pezzali,,Il mondo insieme a te,italienisch,,,,,,
37,Il mondo insieme a te,Max Pezzali,Max Pezzali,,Il mondo insieme a te,italienisch,,,,,,
38,Spazio tempo,Francesco Gabbani,Francesco Gabbani,,Volevamo solo essere felici,italienisch,,,,,,
39,Ragazza paradiso,Ermal Meta,Ermal Meta,,Vietato Morire,italienisch,,,,,,
40,Non smettere mai,Max Pezzali,Max Pezzali,,Qualcosa di nuovo,italienisch,,,,,,
41,Il ballo delle Incertezze,Ultimo,Ultimo,,Peter Pan,italienisch,,,,,,
42,Grande amore (Eurovision Version),Il Volo,Il Volo,,,italienisch,,,,,,
43,Gli anni,"883","883",,"La donna, il sogno & il grande incubo",italienisch,,,,,,
44,Non E' L'Inferno ,Emma,,,,italienisch,,,,,,
45,Viva La Libertà ,Lorenzo Jovanotti Cherubini,,,,italienisch,,,,,,
46,Viceversa ,Francesco Gabbani,,,,italienisch,,,,,,
47,Come Nelle Favole ,Francesca Michielin,,,,italienisch,,,,,,
48,Piccola anima ,Ermal Meta,,,,italienisch,,,,,,
49,Vietato morire ,Ermal Meta,,,,italienisch,,,,,,
50,L'amore esiste ,Francesca Michielin,,,,italienisch,,,,,,
51,Lascia che io sia (5030 Version) ,Nek,,,,italienisch,,,,,,
52,DAMMI UN BACIO JA’ ,Leo Gassmann,,,,italienisch,,,,,,
53,Quello che ci resta ,Ermal Meta,,,,italienisch,,,,,,
54,Brava che sei ,Sergio Andrei,,,,italienisch,,,,,,
55,CI SARÒ ,Alfa,,,,italienisch,,,,,,
56,Il testamento di Tito ,Fabrizio De André,,,,italienisch,,,,,,
57,"Sogna, Ragazzo, Sogna ",Alfa,,,,italienisch,,,,,,
58,Vai! ,Alfa,,,,italienisch,,,,,,
59,Wanderlust! ,Alfa,,,,italienisch,,,,,,
60,SuL Più BeLLo (Out Of My League) - prod. Yanomi ,Alfa,,,,italienisch,,,,,,
61,Vabbè ciao ,Alfa,,,,italienisch,,,,,,
62,Il mio colore preferito ,Alfa,,,,italienisch,,,,,,
63,Ma tu come stai ,Alfa,,,,italienisch,,,,,,
65,Straordinario ,Chiara Galiazzo,,,,italienisch,,,,,,
67,L'ULTIMA POESIA (feat. Ultimo) ,Geolier,,,,italienisch,,,,,,
68,NEVE AL SOLE ,Ultimo,,,,italienisch,,,,,,
69,Non mi avete fatto niente ,Ermal Meta,,,,italienisch,,,,,,
70,Buona fortuna ,Benji & Fede,,,,italienisch,,,,,,
71,Una Su 1.000.000 ,Alex Britti,,,,italienisch,,,,,,
72,La musica non c'è ,Coez,,,,italienisch,,,,,,
73,Ogni volta ,Benji & Fede,,,,italienisch,,,,,,
74,Girasoli ,Emanuele Aloia,,,,italienisch,,,,,,
75,Finirà bene ,Ermal Meta,,,,italienisch,,,,,,
76,Vietato morire (Alternative Version) ,Ermal Meta,,,,italienisch,,,,,,
77,Quel filo che ci unisce - Home piano session ,Ultimo,,,,italienisch,,,,,,
78,il filo rosso ,Alfa,,,,italienisch,,,,,,
79,Tutte le notti ,Tommaso Paradiso,,,,italienisch,,,,,,
80,Capolavoro ,Il Volo,,,,italienisch,,,,,,
81,Vittima ,Modà,,,,italienisch,,,,,,
82,Bella stronza ,Marco Masini,,,,italienisch,,,,,,
83,Amati Sempre ,Ultimo,,,,italienisch,,,,,,
84,Balorda nostalgia ,Olly,,,,italienisch,,,,,,
85,Cerco una parola ,Simone Cristicchi,,,,italienisch,,,,,,
86,Le poche cose che contano (feat. Amara) ,Simone Cristicchi,,,,italienisch,,,,,,
87,Je Vis Pour Elle ,Andrea Bocelli,,,,italienisch,,,,,,
88,Volevo essere un duro ,Lucio Corsi,,,,italienisch,,,,,,
89,La metà della mela ,Ligabue,,,,italienisch,,,,,,
90,Occhi grandi ,Enrico Nigiotti,,,,italienisch,,,,,,
91,METEO ,Emanuele Aloia,,,,italienisch,,,,,,
92,È sempre bello ,Coez,,,,italienisch,,,,,,
93,Quelli come me ,Modà,,,,italienisch,,,,,,
94,Quel sorriso in volto ,Modà,,,,italienisch,,,,,,
95,Cuore e vento (feat. Tazenda) ,Modà,,,,italienisch,,,,,,
96,Per una notte insieme ,Modà,,,,italienisch,,,,,,
97,Lasciami ,Modà,,,,italienisch,,,,,,
98,Fall On Me ,Andrea Bocelli,,,,italienisch,,,,,,
99,Vivo per lei ,Andrea Bocelli,,,,italienisch,,,,,,
100,Ci vorrebbe il mare ,Marco Masini,,,,italienisch,,,,,,
101,Non è mai abbastanza ,Modà,,,,italienisch,,,,,,
102,Voglio solo il tuo sorriso ,Modà,,,,italienisch,,,,,,
103,La sua bellezza ,Modà,,,,italienisch,,,,,,
104,Come l'acqua dentro il mare ,Modà,,,,italienisch,,,,,,
105,Salvami ,Modà,,,,italienisch,,,,,,
106,Ti amo veramente ,Modà,,,,italienisch,,,,,,
107,Tappeto di fragole ,Modà,,,,italienisch,,,,,,
108,Arriverà ,Modà,,,,italienisch,,,,,,
109,Quello che non ti ho detto ,Modà,,,,italienisch,,,,,,
110,Amore scolastico ,Modà,,,,italienisch,,,,,,
111,La notte ,Modà,,,,italienisch,,,,,,
112,Resta qui con me ,Modà,,,,italienisch,,,,,,
113,Non ti mancherà mai il mare ,Modà,,,,italienisch,,,,,,
114,Timida ,Modà,,,,italienisch,,,,,,
115,Non dire di no ,Modà,,,,italienisch,,,,,,
116,Stella cadente ,Modà,,,,italienisch,,,,,,
117,Puoi leggerlo solo di sera ,Modà,,,,italienisch,,,,,,
118,Piove ormai da tre giorni ,Modà,,,,italienisch,,,,,,
119,Dimmelo ,Modà,,,,italienisch,,,,,,
120,Una vita non mi basta ,Modà,,,,italienisch,,,,,,
121,Fottuto inverno ,Modà,,,,italienisch,,,,,,
122,Non respiro ,Modà,,,,italienisch,,,,,,
123,Se si potesse non morire ,Modà,,,,italienisch,,,,,,
124,Dimmi che sei felice ,Modà,,,,italienisch,,,,,,
125,Viva i romantici ,Modà,,,,italienisch,,,,,,
126,Dove è sempre sole (feat. Jarabedepalo) ,Modà,,,,italienisch,,,,,,
127,In tutto l'universo ,Modà,,,,italienisch,,,,,,
128,Forse non lo sai ,Modà,,,,italienisch,,,,,,
129,Non ti somiglio ,Modà,,,,italienisch,,,,,,
130,Doveva andar così ,Modà,,,,italienisch,,,,,,
131,Pensando a te ,Modà,,,,italienisch,,,,,,
132,Grazie gente ,Modà,,,,italienisch,,,,,,
133,Sogno misfatto ,Modà,,,,italienisch,,,,,,
134,Sono già solo ,Modà,,,,italienisch,,,,,,
135,Forse ,Modà,,,,italienisch,,,,,,
136,"22 metri quadri ",Modà,,,,italienisch,,,,,,
137,È solo colpa mia ,Modà,,,,italienisch,,,,,,
138,Sei sempre meraviglia ,Modà,,,,italienisch,,,,,,
139,Mani inutili ,Modà,,,,italienisch,,,,,,
140,Passione maledetta ,Modà,,,,italienisch,,,,,,
141,Cuore di cemento ,Modà,,,,italienisch,,,,,,
142,Buona fortuna buona vita buona luna ,Modà,,,,italienisch,,,,,,
143,Vado via da te ,Modà,,,,italienisch,,,,,,
144,Comincia lo show ,Modà,,,,italienisch,,,,,,
145,L'amore è un'altra cosa ,Modà,,,,italienisch,,,,,,
146,Aria ,Modà,,,,italienisch,,,,,,
147,Come in un film ,Modà,,,,italienisch,,,,,,
148,L'abitudine ,Andrea Bocelli,,,,italienisch,,,,,,
149,Ti scatterò una foto ,Tiziano Ferro,,,,italienisch,,,,,,
150,Eclissi del cuore ,L'Aura,,,,italienisch,,,,,,
151,ZITTI E BUONI ,Måneskin,,,,italienisch,,,,,,
152,TRASTEVERE ,Måneskin,,,,italienisch,,,,,,
153,Terra ,Eugenio in Via Di Gioia,,,,italienisch,,,,,,
154,Umano ,Eugenio in Via Di Gioia,,,,italienisch,,,,,,
155,L'ultima canzone ,Eugenio in Via Di Gioia,,,,italienisch,,,,,,
156,Adesso ,Sciambili,,,,italienisch,,,,,,
157,Guerriera di Luce ,Sciambili,,,,italienisch,,,,,,
158,Dov'è ,Le Vibrazioni,,,,italienisch,,,,,,
159,TANTO DI TE ,Andrea Cerrato,,,,italienisch,,,,,,
160,Amo Soltanto Te ,Andrea Bocelli,,,,italienisch,,,,,,
161,Il Capolavoro ,Ultimo,,,,italienisch,,,,,,
162,High Hopes ,Panic! At The Disco,,,,englisch,,,,,,
163,All of Me ,John Legend,,,,englisch,,,,,,
164,Just Give Me a Reason ,P!nk,,,,englisch,,,,,,
165,Counting Stars ,OneRepublic,,,,englisch,,,,,,
166,"7 Years ",Lukas Graham,,,,englisch,,,,,,
167,Celestial ,Ed Sheeran,,,,englisch,,,,,,
168,Another Love ,Tom Odell,,,,englisch,,,,,,
169,Pompeii ,Bastille,,,,englisch,,,,,,
170,Viva La Vida ,Coldplay,,,,englisch,,,,,,
171,"These Days (feat. Jess Glynne, Macklemore & Dan Caplen) ",Rudimental,,,,englisch,,,,,,
172,Perfect Symphony (with Andrea Bocelli) ,Ed Sheeran,,,,englisch,,,,,,
173,Hold My Hand ,Lady Gaga,,,,englisch,,,,,,
174,Candle In The Wind (2018 Version) ,Ed Sheeran,,,,englisch,,,,,,
175,Lego House ,Ed Sheeran,,,,englisch,,,,,,
176,The A Team ,Ed Sheeran,,,,englisch,,,,,,
177,Unchained Melody (Remastered) ,Righteous Brothers,,,,englisch,,,,,,
178,The Power Of Love ,Frankie Goes To Hollywood,,,,englisch,,,,,,
179,When Did Your Heart Go Missing? ,Rooney,,,,englisch,,,,,,
180,"2002",Anne-Marie,,,,englisch,,,,,,
181,Whatever It Takes ,Imagine Dragons,,,,englisch,,,,,,
182,Dusk Till Dawn (Radio Edit) ,ZAYN,,,,englisch,,,,,,
183,Walk Me Home ,P!nk,,,,englisch,,,,,,
184,Demons ,Imagine Dragons,,,,englisch,,,,,,
185,F**kin' Perfect ,P!nk,,,,englisch,,,,,,
186,Try ,P!nk,,,,englisch,,,,,,
187,Funhouse ,P!nk,,,,englisch,,,,,,
188,Here I Am (Classic Version) ,Bryan Adams,,,,englisch,,,,,,
189,Paradise ,Coldplay,,,,englisch,,,,,,
190,Secrets ,OneRepublic,,,,englisch,,,,,,
191,Piano Man ,Billy Joel,,,,englisch,,,,,,
192,Streets of London ,Ralph McTell,,,Spiral Staircase,englisch,Vocal,Slow,Calm,Sad,"Folk,Oldie","Melancholic,Lonely,Folkloristisch,Lyrisch/poetisch,Zärtlichkeit,introspektiv"
193,The Sound of Silence ,Simon & Garfunkel,,,,englisch,,,,,,
194,Castle on the Hill ,Ed Sheeran,,,,englisch,,,,,,
195,Love Someone ,Lukas Graham,,,,englisch,,,,,,
196,Unstoppable ,Sia,,,,englisch,,,,,,
197,Hall of Fame ,The Script,,,,englisch,,,,,,
198,Legends Never Die ,League of Legends,,,,englisch,,,,,,
199,Happier ,Ed Sheeran,,,,englisch,,,,,,
200,Galway Girl ,Ed Sheeran,,,,englisch,,,,,,
201,Love Runs Out ,OneRepublic,,,,englisch,,,,,,
202,Unchained Melody (Remastered) ,Righteous Brothers,,,,englisch,,,,,,
203,This Is The Life ,Amy Macdonald,,,,englisch,,,,,,
204,It's My Life ,Bon Jovi,,,,englisch,,,,,,
205,I Still Haven't Found What I'm Looking For ,U2,,,,englisch,,,,,,
206,Forever Young (2019 Remaster) ,Alphaville,,,,englisch,,,,,,
207,Wherever I Go ,OneRepublic,,,,englisch,,,,,,
208,Let's Hurt Tonight ,OneRepublic,,,,englisch,,,,,,
209,Stop And Stare ,OneRepublic,,,,englisch,,,,,,
210,You're Beautiful ,James Blunt,,,,englisch,,,,,,
211,Apologize ,OneRepublic,,,,englisch,,,,,,
212,Sea Shanty Medley ,Home Free,,,,englisch,,,,,,
213,My Way ,Frank Sinatra,,,,englisch,,,,,,
214,Spirits ,The Strumbellas,,,,englisch,,,,,,
215,We Are Young (feat. Janelle Monáe) ,fun.,,,,englisch,,,,,,
216,Bad Day ,Daniel Powter,,,,englisch,,,,,,
217,Let Her Go ,Passenger,,,,englisch,,,,,,
218,Holes (Radio Version) ,Passenger,,,,englisch,,,,,,
219,Kids ,MGMT,,,,englisch,,,,,,
220,Complicated ,Avril Lavigne,,,,englisch,,,,,,
221,Fix You ,Coldplay,,,,englisch,,,,,,
222,Viva La Vida ,Coldplay,,,,englisch,,,,,,
223,Fairytale ,Alexander Rybak,,,,englisch,,,,,,
224,Sleepless (Søvnlaus) ,Chris Holsten,,,,englisch,,,,,,
225,Let Her Go (Anniversary Edition) ,Passenger,,,,englisch,,,,,,
226,Father And Son (Remastered 2020) ,Yusuf / Cat Stevens,,,,englisch,,,,,,
227,Wherever You Will Go ,The Calling,,,,englisch,,,,,,
228,Thinking out Loud ,Ed Sheeran,,,,englisch,,,,,,
229,Don't Stop Believin' ,Journey,,,,englisch,,,,,,
230,Photograph ,Ed Sheeran,,,,englisch,,,,,,
231,Leave a Light On ,Tom Walker,,,,englisch,,,,,,
232,Can´t Help Falling In Love ,Elvis Presley,,,,englisch,,,,,,
233,What About Us ,P!nk,,,,englisch,,,,,,
234,"I See Fire (From ""The Hobbit - The Desolation Of Smaug"") ",Ed Sheeran,,,,englisch,,,,,,
235,I'd Do Anything For Love (But I Won't Do That) (Single Edit) ,Meat Loaf,,,,englisch,,,,,,
236,Broken Strings ,James Morrison,,,,englisch,,,,,,
237,Summer of 69 (Classic Version) ,Bryan Adams,,,,englisch,,,,,,
238,Always Remember Us This Way ,Lady Gaga,,,,englisch,,,,,,
239,A Million Dreams ,Ziv Zaifman,,,,englisch,,,,,,
240,Rewrite The Stars ,Zac Efron,,,,englisch,,,,,,
241,"Hey, Soul Sister ",Train,,,,englisch,,,,,,
242,Drive By ,Train,,,,englisch,,,,,,
243,Best Day Of My Life ,American Authors,,,,englisch,,,,,,
244,Imagine (Remastered 2010) ,John Lennon,,,,englisch,,,,,,
245,All The Right Moves ,OneRepublic,,,,englisch,,,,,,
246,Sweet Child O' Mine ,Guns N' Roses,,,,englisch,,,,,,
247,a thousand years ,Christina Perri,,,,englisch,,,,,,
248,Someone Like You ,Adele,,,,englisch,,,,,,
249,Radioactive ,Imagine Dragons,,,,englisch,,,,,,
250,Let It Be (Remastered 2009) ,The Beatles,,,,englisch,,,,,,
251,I Lived ,OneRepublic,,,,englisch,,,,,,
252,Set Fire to the Rain ,Adele,,,,englisch,,,,,,
253,Nancy Mulligan ,Ed Sheeran,,,,englisch,,,,,,
254,[Everything I Do] I Do It For You (Classic Version) ,Bryan Adams,,,,englisch,,,,,,
255,Take on Me ,A-ha,,,,englisch,,,,,,
256,"50 Ways to Say Goodbye ",Train,,,,englisch,,,,,,
257,Shallow ,Lady Gaga,,,,englisch,,,,,,
258,Teenage Dirtbag ,Wheatus,,,,englisch,,,,,,
259,Here Comes The Sun (Remastered 2009) ,The Beatles,,,,englisch,,,,,,
260,We Didn't Start the Fire ,Billy Joel,,,,englisch,,,,,,
261,Total Eclipse of the Heart (Radio Version) ,Bonnie Tyler,,,,englisch,,,,,,
262,Good Life ,OneRepublic,,,,englisch,,,,,,
263,Hello ,Adele,,,,englisch,,,,,,
264,Born in the U.S.A. ,Bruce Springsteen,,,,englisch,,,,,,
265,Big in Japan (2019 Remaster) ,Alphaville,,,,englisch,,,,,,
266,THE LONELIEST ,Måneskin,,,,englisch,,,,,,
267,"2 days into college (acoustic) ",Release,,,,englisch,,,,,,
268,Aimee Carty - 2 Days Into College (Official Audio) ,Aimee Carty,,,,englisch,,,,,,
269,Sweet Home Alabama ,Lynyrd Skynyrd,,,,englisch,,,,,,
270,It's Time ,Imagine Dragons,,,,englisch,,,,,,
271,Believer ,Imagine Dragons,,,,englisch,,,,,,
272,Natural ,Imagine Dragons,,,,englisch,,,,,,
273,Clocks ,Coldplay,,,,englisch,,,,,,
274,Never Enough ,Loren Allred,,,,englisch,,,,,,
275,Sweet Child o' Mine ,Taken By Trees,,,,englisch,,,,,,
276,The Greatest Show ,Hugh Jackman,,,,englisch,,,,,,
277,Can't Help Falling In Love ,Elvis Presley,,,,englisch,,,,,,
278,This Is Me ,Keala Settle,,,,englisch,,,,,,
279,Every Breath You Take ,The Police,,,,englisch,,,,,,
280,Rolling in the Deep ,Adele,,,,englisch,,,,,,
281,"Footloose (From ""Footloose"" Soundtrack) ",Kenny Loggins,,,,englisch,,,,,,
282,Stronger (What Doesn't Kill You) ,Kelly Clarkson,,,,englisch,,,,,,
283,Chandelier ,Sia,,,,englisch,,,,,,
284,I'm Still Standing ,Elton John,,,,englisch,,,,,,
285,Wake Me Up ,Avicii,,,,englisch,,,,,,
286,Eye of the Tiger ,Survivor,,,,englisch,,,,,,
287,Don't Stop Me Now (Remastered 2011) ,Queen,,,,englisch,,,,,,
288,Something I Need ,OneRepublic,,,,englisch,,,,,,
289,Titanium (feat. Sia) ,David Guetta,,,,englisch,,,,,,
290,Good To Be ,Mark Ambor,,,,englisch,,,,,,
291,Belong Together ,Mark Ambor,,,,englisch,,,,,,
292,Perfect Day ,Lou Reed,,,,englisch,,,,,,
293,Only Teardrops ,Emmelie de Forest,,,,englisch,,,,,,
294,That's How You Write a Song ,Alexander Rybak,,,,englisch,,,,,,
295,First Kiss ,Alexander Rybak,,,,englisch,,,,,,
296,Suomi ,Alexander Rybak,,,,englisch,,,,,,
297,Stereo Hearts (Cover of Gym Class Heros feat. Adam Levine) ,Glee Cast,,,,englisch,,,,,,
298,Dolphin ,Alexander Rybak,,,,englisch,,,,,,
299,Highland Girl ,Nathan Evans,,,,englisch,,,,,,
300,Happyland ,Måns Zelmerlöw,,,,englisch,,,,,,
301,a thousand years ,Christina Perri,,,,englisch,,,,,,
302,I'm with You ,Avril Lavigne,,,,englisch,,,,,,
303,Sacrifice ,Elton John,,,,englisch,,,,,,
304,Apologize ,Timbaland,,,,englisch,,,,,,
305,Don't Speak ,No Doubt,,,,englisch,,,,,,
306,Spaceman ,The Killers,,,,englisch,,,,,,
307,Englishman In New York ,Sting,,,,englisch,,,,,,
308,Fairytale ,Alexander Rybak,,,,englisch,,,,,,
309,Save Tonight ,Flo Delavega,,,,englisch,,,,,,
310,SUPERMODEL ,Måneskin,,,,englisch,,,,,,
311,Someday (Acoustic) ,OneRepublic,,,,englisch,,,,,,
312,Starman (2012 Remaster) ,David Bowie,,,,englisch,,,,,,
313,"""Heroes"" (2017 Remaster) ",David Bowie,,,,englisch,,,,,,
314,You & I ,Crystal Fighters,,,,englisch,,,,,,
315,Girls Like Us ,Zoe Wees,,,,englisch,,,,,,
316,Everything at Once ,Lenka,,,,englisch,,,,,,
317,"Holding Out for a Hero (From ""Footloose"" Soundtrack) ",Bonnie Tyler,,,,englisch,,,,,,
318,[Sittin' On] the Dock of the Bay ,Otis Redding,,,,englisch,,,,,,
319,"Rocket Man (I Think It's Going To Be A Long, Long Time) ",Elton John,,,,englisch,,,,,,
320,Livin' On A Prayer ,Bon Jovi,,,,englisch,,,,,,
321,Holding Me More ,Darin,,,,englisch,,,,,,
322,Beautiful Things ,Benson Boone,,,,englisch,,,,,,
323,I See Fire ,Ed Sheeran,,,,englisch,,,,,,
324,In The Stars ,Benson Boone,,,,englisch,,,,,,
325,Beggin' ,Måneskin,,,,englisch,,,,,,
326,Stargazing ,Kygo,,,,englisch,,,,,,
327,Mack The Knife ,Frank Sinatra,,,,englisch,,,,,,
328,Don't You Worry Child ,City Sessions,,,,englisch,,,,,,
329,Hey Tonight ,Creedence Clearwater Revival,,,,englisch,,,,,,
330,Listen To Your Heart (Edmée's Unplugged Edit) ,DHT,,,,englisch,,,,,,
331,Me And My Broken Heart ,Push Baby,,,,englisch,,,,,,
332,The Scientist ,Coldplay,,,,englisch,,,,,,
333,War Isn't Murder ,Jesse Welles,,,,englisch,,,,,,
334,Have You Ever Seen The Rain (feat. Mt. Joy) ,Jesse Welles,,,,englisch,,,,,,
335,C U When U Get There ,Coolio,Coolio,Coolio,,englisch,Vocal,Medium,Balanced,Sad,"Hip-Hop,Westcoast-Rap,Funk-Rap,Pop-Rap","Lazy,Lyrisch/poetisch,Innere Ruhe,Friedlich,Stolz,introspektiv"
336,"Don't Think Twice, It's Alright ",Bob Dylan,,,,englisch,,,,,,
337,Blowin' in the Wind ,Bob Dylan,,,,englisch,,,,,,
338,The Free Electric Band ,Albert Hammond,,,,englisch,,,,,,
339,Billie Jean ,Michael Jackson,,,,englisch,,,,,,
340,Beat It ,Michael Jackson,,,,englisch,,,,,,
341,The Way You Make Me Feel (2012 Remaster) ,Michael Jackson,,,,englisch,,,,,,
342,Earth Song (Remastered Version) ,Michael Jackson,,,,englisch,,,,,,
343,Black or White ,Michael Jackson,,,,englisch,,,,,,
344,Heal the World ,Michael Jackson,,,,englisch,,,,,,
345,Man in the Mirror (2012 Remaster) ,Michael Jackson,,,,englisch,,,,,,
346,Thriller ,Michael Jackson,,,,englisch,,,,,,
347,They Don't Care About Us (Remastered Version) ,Michael Jackson,,,,englisch,,,,,,
348,Can't Help Falling In Love (Live At Lake Las Vegas / 2005) ,Andrea Bocelli,,,,englisch,,,,,,
349,Stand By Me ,Ben E. King,,,,englisch,,,,,,
350,Locked Away ,R. City,,,,englisch,,,,,,
351,Story of My Life ,One Direction,,,,englisch,,,,,,
352,All The Love That I Ever Needed ,James Blunt,,,,englisch,,,,,,
353,In Other Words ,Ed Sheeran,,,,englisch,,,,,,
354,Maybe It's Me ,The Strumbellas,,,,englisch,,,,,,
355,When You Say Nothing At All (Acoustic Version) ,Ronan Keating,,,,englisch,,,,,,
356,jar of hearts ,Christina Perri,,,,englisch,,,,,,
357,Jonah ,Xavier Darcy,,,,englisch,,,,,,
358,Orléans ,Xavier Darcy,,,,englisch,,,,,,
359,Welcome To My Life ,Sunrise Avenue,,,,englisch,,,,,,
360,Fairytale Gone Bad ,Sunrise Avenue,,,,englisch,,,,,,
361,Walking in Memphis ,Marc Cohn,,,,englisch,,,,,,
362,Another Love ,City Sessions,,,,englisch,,,,,,
363,"Mad World (feat. K.J. Apa, Camila Mendes & Lili Reinhart) ",Riverdale Cast,,,,englisch,,,,,,
364,To Get to Love You (Single Version) ,Matteo Bocelli,,,,englisch,,,,,,
365,Everything I Need ,Skylar Grey,,,,englisch,,,,,,
366,Stand By Me ,Skylar Grey,,,,englisch,,,,,,
367,Ton combat ,Arcadian,,,,französisch,,,,,,
368,Un homme debout ,Claudio Capéo,,,,französisch,,,,,,
369,Les gens qu'on aime ,Patrick Fiori,,,,französisch,,,,,,
370,On ira ,Zaz,,,,französisch,,,,,,
371,La fille du sud ,Vianney,,,,französisch,,,,,,
372,Pour oublier ,Kendji Girac,,,,französisch,,,,,,
373,Je veux ,Zaz,,,,französisch,,,,,,
374,Call on me (feat. Ed Sheeran) ,Vianney,,,,französisch,,,,,,
375,Le chant des sirènes ,Flo Delavega,,,,französisch,,,,,,
376,ZAZ – Qué vendrá (Clip officiel) ,Zaz Official,,,,französisch,,,,,,
377,Qué vendrá ,Zaz,,,,französisch,,,,,,
378,De couleurs vives ,Zaz,,,,französisch,,,,,,
379,Papaoutai ,Stromae,,,,französisch,,,,,,
380,Formidable ,Stromae,,,,französisch,,,,,,
381,Les sables émouvants ,Arcadian,,,,französisch,,,,,,
382,La lettre ,Renan Luce,,,,französisch,,,,,,
383,Dumbo ,Vianney,,,,französisch,,,,,,
384,Ta main ,Claudio Capéo,,,,französisch,,,,,,
385,J'y vais ,Patrick Fiori,,,,französisch,,,,,,
386,Parce que c'est toi ,Vianney,,,,französisch,,,,,,
387,Je me lâche ,Christophe Maé,,,,französisch,,,,,,
388,Pas là ,Vianney,,,,französisch,,,,,,
389,JE CHANTE (IO CANTO) ,Laura Pausini,,,,französisch,,,,,,
390,La beauté du doute ,Florent Pagny,,,,französisch,,,,,,
391,Nos célébrations ,Indochine,,,,französisch,,,,,,
392,Si j'avais su ,Claudio Capéo,,,,französisch,,,,,,
393,Les imbéciles ,Vianney,,,,französisch,,,,,,
394,Je m'en vais ,Vianney,,,,französisch,,,,,,
395,Bruxelles ,Boulevard des Airs,,,,französisch,,,,,,
396,J'ai demandé à la lune ,Indochine,,,,französisch,,,,,,
397,Toi et moi ,Guillaume Grand,,,,französisch,,,,,,
398,Tout le bonheur du monde ,Sinsemilia,,,,französisch,,,,,,
399,Je fais de toi mon essentiel (feat. Anne-Laure Girbal) ,Le Roi Soleil,,,,französisch,,,,,,
400,D'autres que nous (14 boulevard Saint-Michel) ,Axelle Red,,,,französisch,,,,,,
401,Moi aimer toi ,Vianney,,,,französisch,,,,,,
402,Caravane ,Raphaël,,,,französisch,,,,,,
403,Ça ira ,Vitaa & Slimane,,,,französisch,,,,,,
404,On dirait ,Amir,,,,französisch,,,,,,
405,Que Dieu me pardonne ,Kendji Girac,,,,französisch,,,,,,
406,Keep it Simple (feat. Mika) ,Vianney,,,,französisch,,,,,,
407,Le feu ,Kendji Girac,,,,französisch,,,,,,
408,Si on chantait ,Vianney,,,,französisch,,,,,,
409,Mode ,Vianney,,,,französisch,,,,,,
410,Evidemment ,Kendji Girac,,,,französisch,,,,,,
411,C'est une chanson ,Claudio Capéo,,,,französisch,,,,,,
412,La parisienne ,Christophe Maé,,,,französisch,,,,,,
413,Pourquoi c'est beau... ,Christophe Maé,,,,französisch,,,,,,
414,"Dingue, dingue, dingue ",Christophe Maé,,,,französisch,,,,,,
415,C'est ma terre ,Christophe Maé,,,,französisch,,,,,,
416,J'ai laissé ,Christophe Maé,,,,französisch,,,,,,
417,On s'attache ,Christophe Maé,,,,französisch,,,,,,
418,Pardonnez-moi ,Vianney,,,,französisch,,,,,,
419,Dans mes bras ,Kendji Girac,,,,französisch,,,,,,
420,Dernier métro ,Kendji Girac,,,,französisch,,,,,,
421,Bonjour merci ,Arcadian,,,,französisch,,,,,,
422,Balance ,Mentissa,,,,französisch,,,,,,
423,Exceptionnel ,Mentissa,,,,französisch,,,,,,
424,Attendez-moi ,Mentissa,,,,französisch,,,,,,
425,Premier janvier ,Mentissa,,,,französisch,,,,,,
426,Où je serai demain ,Arcadian,,,,französisch,,,,,,
427,Je te donne (feat. Leslie) ,Leslie,,,,französisch,,,,,,
428,Comme avant ,Christophe Maé,,,,französisch,,,,,,
429,Dépassé ,Nuit Incolore,,,,französisch,,,,,,
430,In The Stars (French Version) ,Benson Boone,,,,französisch,,,,,,
431,Comment on fait ,Vianney,,,,französisch,,,,,,
432,Senza una donna (Radio Edit) ,Claudio Capéo,,,,französisch,,,,,,
433,Pour de vrai ,Vianney,,,,französisch,,,,,,
434,Tout au bout du monde ,TiBZ,,,,französisch,,,,,,
435,Maintenant ,Vianney,,,,französisch,,,,,,
436,La vie m'suffit ,Vianney,,,,französisch,,,,,,
437,L'ours ,Christophe Maé,,,,französisch,,,,,,
438,La vie d'artiste ,Christophe Maé,,,,französisch,,,,,,
439,Ça marche ,Le Roi Soleil,,,,französisch,,,,,,
440,Je suis fou ,Vianney,,,,französisch,,,,,,
441,Dabali ,Vianney,,,,französisch,,,,,,
442,Bonjour Au revoir ,Joyce Jonathan,,,,französisch,,,,,,
443,Parce qu'on ne sait jamais ,Christophe Maé,,,,französisch,,,,,,
444,Ça ira ,Joyce Jonathan,,,,französisch,,,,,,
445,Crush ,Nuit Incolore,,,,französisch,,,,,,
446,Parapluie ,JECK,,,,französisch,,,,,,
447,Métis (feat. Ousman Danedjo) ,Gaël Faye,Gaël Faye,,Pili pili sur un croissant au beurre,französisch,Vocal,Fast,Calm,Neutral,"Hip-Hop,World Music,Afro-Rap,Conscious Rap","Lyrisch/poetisch,Kraftvoll,Zärtlichkeit,Virtuosität,introspektiv"
448,Respire ,Gaël Faye,,,,französisch,,,,,,
449,Tatoue moi ,Mozart Opera Rock,,,,französisch,,,,,,
450,Rendez-vous ,Nuit Incolore,,,,französisch,,,,,,
451,C'est bientôt la fin ,Mozart Opera Rock,,,,französisch,,,,,,
452,Changer ,TiBZ,,,,französisch,,,,,,
453,Le firmament ,Vianney,,,,französisch,,,,,,
454,Nation ,TiBZ,,,,französisch,,,,,,
455,On s'écrira ,Nuit Incolore,,,,französisch,,,,,,
456,Les filles d'aujourd'hui ,Joyce Jonathan,,,,französisch,,,,,,
457,Nous ,TiBZ,,,,französisch,,,,,,
458,Si seulement... ,Kendji Girac,,,,französisch,,,,,,
459,Nous on sait ,Pierre Garnier,,,,französisch,,,,,,
460,Je Vis Pour Elle ,Andrea Bocelli,,,,französisch,,,,,,
461,Sains et saufs ,Zaz,,,,französisch,,,,,,
462,T'en aller ,Claudio Capéo,,,,französisch,,,,,,
463,M'envoler ,JECK,,,,französisch,,,,,,
464,Chanson sur ma drôle de vie ,Véronique Sanson,,,,französisch,,,,,,
465,Il faudrait ,Vianney,,,,französisch,,,,,,
466,J'ai essayé ,Vianney,,,,französisch,,,,,,
467,Nos lendemains ,Vianney,,,,französisch,,,,,,
468,Un homme ,Vianney,,,,französisch,,,,,,
469,Tombé sous le charme ,Christophe Maé,,,,französisch,,,,,,
470,Je pars ,Gaël Faye,,,,französisch,,,,,,
471,Le vent nous portera ,Noir Désir,,,,französisch,,,,,,
472,J’ai changé ,Kendji Girac,,,,französisch,,,,,,
473,Tusind Farver,Rasmus Seebach,,,,dänisch,,,,,,
474,Der' Noget I December,Rasmus Seebach,,,,dänisch,,,,,,
475,By til By,Hkeem,,,,dänisch,,,,,,
476,Sandstorm,Rasmus Seebach,,,,dänisch,,,,,,
477,Frit Land,Ulige Numre,,,,dänisch,,,,,,
478,Knuste Hjerter,NOAH,,,,dänisch,,,,,,
479,Større End Os,Medina,,,,dänisch,,,,,,
480,Før Vi Falder,NOAH,,,,dänisch,,,,,,
481,Det' Okay,NOAH,,,,dänisch,,,,,,
482,Tak,NOAH,,,,dänisch,,,,,,
483,Tro På Dig Selv,Michael Hausted,,,,dänisch,,,,,,
484,Under Stjernerne På Himlen,Rasmus Seebach,,,Mer’ end kærlighed,dänisch,,,,,"Pop,Ballade,Popballade","Melancholic,Hopeful,Nostalgic,Lyrisch/poetisch,Romantisch,Zärtlichkeit,Innere Ruhe,Friedlich,Märchenhaft"
485,Kald Det Kærlighed,Michael Hausted,,,,dänisch,,,,,,
486,Hey Buster (Original Soundtrack),Joey Moe,,,,dänisch,,,,,,
487,Bli’ Her Lidt,Michael Hausted,,,,dänisch,,,,,,
488,Godnat København,NOAH,,,,dänisch,,,,,,
489,Nangijala,Rasmus Seebach,,,,dänisch,,,,,,
490,De Ka' Sig' Hva' De Vil,Rasmus Seebach,,,,dänisch,,,,,,
491,Okay,Rasmus Seebach,,,,dänisch,,,,,,
492,Falder,Rasmus Seebach,,,,dänisch,,,,,,
493,Livets Melodi,Rasmus Seebach,,,,dänisch,,,,,,
494,Der letzte Tanz,Bosse,,,,deutsch,,,,,,
495,Schönste Zeit,Bosse,,,,deutsch,,,,,,
496,Dein Hurra,Bosse,,,,deutsch,,,,,,
497,Steine,Bosse,,,,deutsch,,,,,,
498,Au Revoir,Mark Forster,,,,deutsch,,,,,,
499,"194 Länder",Mark Forster,,,,deutsch,,,,,,
500,Sowieso (Radio Version),Mark Forster,,,,deutsch,,,,,,
501,Frische Luft,Wincent Weiss,,,,deutsch,,,,,,
502,So soll es bleiben (Single Edit),Ich + Ich,,,,deutsch,,,,,,
503,Vom selben Stern (Radio Edit),Ich + Ich,,,,deutsch,,,,,,
504,Gleichgewicht,Valerie Niehaus,,,,deutsch,,,,,,
505,Hallo Hometown,Bosse,,,,deutsch,,,,,,
506,Abenteuerland,PUR,,,,deutsch,,,,,,
507,Keine Maschine,Tim Bendzko,,,,deutsch,,,,,,
508,Kompass,Madsen,,,,deutsch,,,,,,
509,Kleiner Finger Schwur,Florian Künstler,,,,deutsch,,,,,,
510,So oder so,Bosse,,,,deutsch,,,,,,
511,Velocità,Roy Bianco,,,,deutsch,,,,,,
512,Nessaja,Peter Maffay,,,,deutsch,,,,,,
513,Ich würd' dich gern besuchen,Unheilig,,,,deutsch,,,,,,
514,Au Revoir,Mark Forster,,,,deutsch,,,,,,
515,Major Tom (Völlig losgelöst),Peter Schilling,,,,deutsch,,,,,,
516,"Irgendwie, irgendwo, irgendwann",Nena,,,,deutsch,,,,,,
517,"99 Luftballons",Nena,,,,deutsch,,,,,,
518,Rock Me Amadeus,Falco,,,,deutsch,,,,,,
519,Nur geträumt,Nena,,,,deutsch,,,,,,
520,Der Kommissar,Falco,,,,deutsch,,,,,,
521,Sternenhimmel,Hubert Kah,,,,deutsch,,,,,,
522,Traum,CRO,,,,deutsch,,,,,,
523,Astronaut,Sido,,,,deutsch,,,,,,
524,Einmal um die Welt,CRO,,,,deutsch,,,,,,
525,Lieder,Adel Tawil,,,,deutsch,,,,,,
526,Geboren um zu leben,Unheilig,,,,deutsch,,,,,,
527,Willst du,Alligatoah,,,,deutsch,,,,,,
528,"Applaus, Applaus (Radio Edit)",Sportfreunde Stiller,,,,deutsch,,,,,,
529,Stadt,Cassandra Steen,,,,deutsch,,,,,,
530,Nur noch kurz die Welt retten,Tim Bendzko,,,,deutsch,,,,,,
531,Still,Jupiter Jones,,,,deutsch,,,,,,
532,Millionen Lichter,Christina Stürmer,,,,deutsch,,,,,,
533,Leichtes Gepäck,Silbermond,,,,deutsch,,,,,,
534,Mein Ding (MTV Unplugged),Udo Lindenberg,,,,deutsch,,,,,,
535,Komet,Apache 207,,,,deutsch,,,,,,
536,Bye Bye,CRO,,,,deutsch,,,,,,
537,Du schreibst Geschichte,Madsen,,,,deutsch,,,,,,
538,Leichter,Madsen,,,,deutsch,,,,,,
539,Ich will nur dass du weißt (Radio Edit),SDP,,,,deutsch,,,,,,
540,Tokio Hotel - Durch Den Monsun,TokioHotelVEVO,,,,deutsch,,,,,,
541,Durch den Monsun (Radio Mix),Tokio Hotel,,,,deutsch,,,,,,
542,Flugzeuge im Bauch (Remastered 2016),Herbert Grönemeyer,,,,deutsch,,,,,,
543,Leuchtturm,Nena,,,,deutsch,,,,,,
544,Oft gefragt,AnnenMayKantereit,,,,deutsch,,,,,,
545,Mensch (Remastered 2016),Herbert Grönemeyer,,,,deutsch,,,,,,
546,Gib mir Sonne,Rosenstolz,,,,deutsch,,,,,,
547,Weck mich auf,Samy Deluxe,,,,deutsch,,,,,,
548,Leiser (Akustik Version),LEA,,,,deutsch,,,,,,
549,Wie soll ein Mensch das ertragen,Philipp Poisel,,,,deutsch,,,,,,
550,"1000 und 1 Nacht (Zoom!) (Remastered 2011)",Klaus Lage,,,,deutsch,,,,,,
551,Griechischer Wein,Udo Jürgens,,,,deutsch,,,,,,
552,Alles nur geklaut,Die Prinzen,,,,deutsch,,,,,,
553,Ozean,AnnenMayKantereit,,,,deutsch,,,,,,
554,Nebenjob,Alligatoah,,,,deutsch,,,,,,
555,Wieder genauso,Udo Lindenberg,,,,deutsch,,,,,,
556,Eins sein,Wilhelmine,,,,deutsch,,,,,,
557,Das Schönste (feat. Yasmina Hempel & Paul Csitkovics),Peter Plate,,,,deutsch,,,,,,
558,Ende der Einsamkeit,Bosse,,,,deutsch,,,,,,
559,Bella Napoli,Roy Bianco & Die Abbrunzati Boys,,,,deutsch,,,,,,
560,"Goodbye, Arrivederci",Roy Bianco & Die Abbrunzati Boys,,,,deutsch,,,,,,
561,Das kann uns keiner nehmen,Revolverheld,,,,deutsch,,,,,,
562,"Guten Tag, liebes Glück (MTV Unplugged)",Max Raabe,,,,deutsch,,,,,,
563,Cello (feat. Clueso) [MTV Unplugged],Udo Lindenberg,,,,deutsch,,,,,,
564,Durch die schweren Zeiten,Udo Lindenberg,,,,deutsch,,,,,,
565,Durch die schweren Zeiten (I'll Carry You) (feat. Angus & Julia Stone) (MTV Unplugged 2),Udo Lindenberg,,,,deutsch,,,,,,
566,Mein Ding,Udo Lindenberg,,,,deutsch,,,,,,
567,Freiheit (Remastered),Westernhagen,,,,deutsch,,,,,,
568,Moritat von Mackie Messer (MTV Unplugged),Max Raabe,,,,deutsch,,,,,,
569,Meine Hand in Deiner (Song für die Freiheit),Valerie Niehaus,,,,deutsch,,,,,,
570,Kompass,Udo Lindenberg,,,,deutsch,,,,,,
571,So wie Du warst,Unheilig,,,,deutsch,,,,,,
572,Über sieben Brücken musst du geh'n (Digitally Remastered),Peter Maffay,,,,deutsch,,,,,,
573,"Applaus, Applaus",Sportfreunde Stiller,,,,deutsch,,,,,,
574,"New York, Rio, Rosenheim",Sportfreunde Stiller,,,,deutsch,,,,,,
575,Jovial,Freddy Kalas,,,,norwegisch,,,,,,
576,Øde Ø,Rasmus Seebach,,,,norwegisch,,,,,,
577,Paradis,Sondre Justad,,,,norwegisch,,,,,,
578,Gjør det igjen,Sondre Justad,,,,norwegisch,,,,,,
579,Fan va bra,Jakob Karlberg,,,,schwedisch,,,,,,
580,Gubben i lådan,Daniel Adams-Ray,,,,schwedisch,,,,,,
581,Veit det går bra,Freddy Kalas,,,,norwegisch,,,,,,
582,BlimE,Freddy Kalas,,,,norwegisch,,,,,,
583,Visa vid vindens ängar,Håkan Hellström,,,,norwegisch,,,,,,
584,Om Alt Går Til Helvete,Katastrofe,,,,norwegisch,,,,,,
585,Fontena på Youngstorget,Sondre Justad,,,,norwegisch,,,,,,
586,GIV MIG TID,NOAH,,,,dänisch,,,,,,
587,Den Samme Jævla Sangen,Vidar Villa,,,,norwegisch,,,,,,
588,Sjalu,Vidar Villa,,,,norwegisch,,,,,,
589,Eloise,Arvingarna,,,,schwedisch,,,,,,
590,Simsalabim,Lucianoz,,,,schwedisch,,,,,,
591,Ola,Halva Priset,,,,norwegisch,,,,,,
592,Alle Går I Stykker,NOAH,,,,dänisch,,,,,,
593,Kom igen Lena!,Håkan Hellström,,,,schwedisch,,,,,,
594,Ja må du leva,Darin,,,,schwedisch,,,,,,
595,Din tid kommer,Håkan Hellström,,,,schwedisch,,,,,,
596,HELVETE,Emil Assergård,,,,schwedisch,,,,,,
597,Den Jeg Er,Line,,,,,,,,,,
598,Creep,Radiohead,Radiohead,,Pablo Honey,englisch,Vocal,Medium,Balanced,Sad,"Rock,Alternative Rock,Indie Rock,Grunge,Britpop","Melancholic,Lyrisch/poetisch,introspektiv,Emotional,Selbsthass,Resignation"
599,La Guerra Di Piero ,Fabrizio De André,,,,italienisch,,,,,,
600,Bocca di rosa ,Fabrizio De André,,,,italienisch,,,,,,
601,"Amore che vieni, amore che vai ",Fabrizio De André,,,,italienisch,,,,,,
602,Ballata dell'amore cieco (o della vanità) ,Fabrizio De André,,,,italienisch,,,,,,
603,L'isola che non c'è , Edoardo Bennato,,,,italienisch,,,,,,
604,Via del campo ,Fabrizio De André,,,,italienisch,,,,,,
605,L'anno che verrà , Lucio Dalla,,,,italienisch,,,,,,
606,Attenti al lupo , Lucio Dalla,,,,italienisch,,,,,,
607,Piazza Grande , Lucio Dalla,,,,italienisch,,,,,,
608,Canzone , Lucio Dalla,,,,italienisch,,,,,,
609,E... ,Vasco Rossi,,,,italienisch,,,,,,
610,Una Canzone D'Amore Buttata Via ,Vasco Rossi,,,,italienisch,,,,,,
611,Il pescatore ,Fabrizio De André,,,,italienisch,,,,,,
612,Il testamento di Tito ,Fabrizio De André,,,,italienisch,,,,,,
613,La città vecchia ,Fabrizio De André,,,,italienisch,,,,,,
614,Ogni volta ,Vasco Rossi,,,,italienisch,,,,,,
615,Un chimico ,Fabrizio De André,,,,italienisch,,,,,,
616,Un'emozione per sempre ,Eros Ramazzotti,,,,italienisch,,,,,,
617,Il sogno di Maria ,Fabrizio De André,,,,italienisch,,,,,,
618,Come in un film ,Modà,,,,italienisch,,,,,,
619,Ti amo veramente ,Modà,,,,italienisch,,,,,,
620,Non è mai abbastanza ,Modà,,,,italienisch,,,,,,
621,Quello che non ti ho detto ,Modà,,,,italienisch,,,,,,
622,Dove è sempre sole ,Modà,,,,italienisch,,,,,,
623,VENT'ANNI ,Måneskin,,,,italienisch,,,,,,
624,Sono già solo ,Modà,,,,italienisch,,,,,,
625,Arriverà ,Modà,,,,italienisch,,,,,,
626,La notte ,Modà,,,,italienisch,,,,,,
627,Come un pittore ,Modà,,,,italienisch,,,,,,
628,Le parole lontane ,Måneskin,,,,italienisch,,,,,,
629,Torna a casa ,Måneskin,,,,italienisch,,,,,,
630,Buongiorno vita ,Ultimo,,,,italienisch,,,,,,
631,SUPEREROI ,Mr. Rain,,,,italienisch,,,,,,
632,Vivo per vivere ,Ultimo,,,,italienisch,,,,,,
633,Poesia Senza Veli ,Ultimo,,,,italienisch,,,,,,
634,Fiori di Chernobyl ,Mr. Rain,,,,italienisch,,,,,,
635,Ti va di stare bene ,Ultimo,,,,italienisch,,,,,,
636,Piccola Stella ,Ultimo,,,,italienisch,,,,,,
637,Perfect Symphony (with Andrea Bocelli) ,Ed Sheeran,,,,italienisch,,,,,,
638,Domenica ,Ultimo,,,,italienisch,,,,,,
639,Rondini al Guinzaglio ,Ultimo,,,,italienisch,,,,,,
640,Tu Sei ,Emanuele Bianco,,,,italienisch,,,,,,
641,I Belong to You ,Eros Ramazzotti,,,,italienisch,,,,,,
642,Sempre ,Bruno Adamo,,,,italienisch,,,,,,
643,Tu sei per me ,Enrico Nigiotti,,,,italienisch,,,,,,
644,L-O-V-E,Nat King Cole,,,,englisch,,,,,,
645,La Vie En Rose,Louis Armstrong,,,,englisch,,,,,,
646,Feeling Good,Nina Simone,,,,englisch,,,,,,
647,What A Wonderful World,Louis Armstrong,,,,englisch,,,,,,
648,"Sing, Sing, Sing",Release,,,,englisch,,,,,,
649,"Sing, Sing, Sing (Remastered)",Benny Goodman,,,,englisch,,,,,,
650,Fly Me to the Moon,New York Jazz Lounge,,,,englisch,,,,,,
651,Hit the Road Jack,Release,,,,englisch,,,,,,
652,Tennessee Whiskey,Chris Stapleton,,,,englisch,,,,,,
653,Pennies From Heaven,Louis Prima,,,,englisch,,,,,,
654,All of Me (Standard Jazz Remastered),Frank Sinatra,,,,englisch,,,,,,
655,The Girl From Ipanema,Nat King Cole,,,,englisch,,,,,,
656,It Don't Mean a Thing (If It Ain't Got That Swing) (1990 Remaster),Louis Armstrong,,,,englisch,,,,,,
657,On The Sunny Side Of The Street,Louis Armstrong,,,,englisch,,,,,,
658,In the Mood,Glenn Miller,,,,englisch,,,,,,
659,When The Saints Go Marching In,Louis Armstrong,,,,englisch,,,,,,
660,La vie en rose (Single Version),Louis Armstrong,,,,englisch,,,,,,
661,Cool Struttin' (Remastered),Release,,,,englisch,,,,,,
662,Cheese Cake,Dexter Gordon,,,,englisch,,,,,,
663,"It's Been a Long, Long Time",Kitty Kallen,,,,englisch,,,,,,
664,"It's Been A Long, Long Time",Harry James,,,,englisch,,,,,,
665,Take Five,Paul Desmond,,,,englisch,,,,,,
666,Lille Store Verden,Rasmus Seebach,,,,,,,,,,
667,Hey Ho,Freddy Kalas,,,,,,,,,,
668,Himmel På Jord,Kurt Nilsen,,,,,,,,,,
669,Old Toy Trains (Single Version),Roger Miller,,,,,,,,,,
670,Selmas sang (Instrumental),Eva Weel Skram,,,,,,,,,,
671,Tænd Et Lys,NOAH,,,,,,,,,,
672,Tenn Et Lys,Eli Rygg,,,,,,,,,,
673,Julehjertets Hemmelighed,Malte Ebert,,,,,,,,,,
674,Leggenda di Natale,Fabrizio De André,,,,,,,,,,
675,Det var julenissen,Katastrofe,,,,,,,,,,
676,Wonderful Dream (Holidays Are Coming) (Radio Version),Melanie Thornton,,,,,,,,,,
677,Himmel På Jord,Kurt Nilsen,,,,,,,,,,
678,Tenn Lys,Helene Bøksle,,,,,,,,,,
679,Julen är här,Tommy Körberg,,,,,,,,,,
680,No som jula ringast inn,Stine Hole Ulla,,,,,,,,,,
681,Når det er jul,Reidun Sæther,,,,,,,,,,
682,Romjulsdrøm,D'Sound,,,,,,,,,,
683,Julekveld,Torstein Sødal,,,,,,,,,,
684,Neste år,Maria Mohn,,,,,,,,,,
685,We Three Kings,Clamavi De Profundis,,,,,,,,,,
686,Buon Natale (Se Vuoi),Eros Ramazzotti,,,,,,,,,,
687,Buon Natale a tutto il mondo,Irene Grandi,,,,,,,,,,
688,Natale tanto vale,Francesco Gabbani,,,,,,,,,,
689,Santa Teach Me to Dance,Debbie & The Darnells,,,,,,,,,,
690,"Please, Daddy (Don't Get Drunk This Christmas)",John Denver,,,,,,,,,,
691,Mer jul,Adolphson & Falk,,,,,,,,,,
692,Sonjas Sang,Staff Band of the Norwegian Armed Forces,,,,,,,,,,
693,Sonjas sang (From Soundtrack; Reisen til julestjernen),Helene Bøksle,,,,,,,,,,
694,En stjerne skinner i natt (Live hos NRK P3),Makosir,,,,,,,,,,
695,"Falle til ro (From the Original Netflix Series ""Home For Christmas"")",Eva Weel Skram,,,,,,,,,,
696,Romjulsdrøm,Eva Weel Skram,,,,,,,,,,
697,Merry Christmas,Ed Sheeran,,,,,,,,,,
698,Himmel på jord,Stavangerkameratene,,,,,,,,,,
699,Nå Tennes Tusen Julelys,Kurt Nilsen,,,,,,,,,,
700,Snøfall - Sov i ro,Barneselskapet,,,,,,,,,,
701,Un piccolo Natale in più (Have Yourself a Merry Little Christmas),Claudio Baglioni,,,,,,,,,,
702,Let It Be Christmas,Alan Jackson,,,,,,,,,,
703,Kopparbärsjul,Eddie Meduza,,,,,,,,,,
704,Little Saint Nick,The Beach Boys,,,,,,,,,,
705,Desember,Christel Alsos,,,,,,,,,,
706,Driving Home for Christmas (2019 Remaster),Chris Rea,,,,,,,,,,
707,Den Himmelblå,Shu-bi-dua,,,,,,,,,,
708,Happy Xmas (War Is Over) (Remastered 2010),John Lennon,,,,,,,,,,
709,Mot lys (fra Snøfall),Inge Bremnes,,,,,,,,,,
710,Run Rudolph Run,Chuck Berry,,,,,,,,,,
711,Do They Know It's Christmas? (1984 Version),Band Aid,,,,,,,,,,
713,Fairytale of New York (feat. Kirsty MacColl),The Pogues,,,,,,,,,,
714,Mistletoe and Wine,Cliff Richard,,,,,,,,,,
715,Wonderful Christmastime [Edited Version] (2011 Remaster),Paul McCartney,,,,,,,,,,
716,Step Into Christmas (Remastered 1995),Elton John,,,,,,,,,,
717,Merry Christmas Everybody,Train,,,,,,,,,,
718,Shake Up Christmas,Train,,,,,,,,,,
719,Thank God It's Christmas (Non-Album Single),Queen,,,,,,,,,,
720,Fairytale of New York,Noteservice Wind Band,,,,,,,,,,
721,Santa Lucia fra Jul i Svingen,Noteservice Wind Band,,,,,,,,,,
722,Jul i Svingen,Noteservice Wind Band,,,,,,,,,,
723,"Mot Lys - Inge Bremnes, Arr: Idar Torskangerpoll. Flex 4, Grade 2,5.",Norsk Musikkforlag Band Music,,,,,,,,,,
724,Christmas Lights,Coldplay,,,,,,,,,,
725,Koldt Udenfor,Martin Lærke,,,,,,,,,,
726,You Make It Feel Like Christmas,Gwen Stefani,,,,,,,,,,
727,That Christmasy Feeling,Johnny Cash,,,,,,,,,,
728,Christmas Time (Classic Version),Bryan Adams,,,,,,,,,,
729,Musikk fra Snøfall,Noteservice Wind Band,,,,,,,,,,
730,Hvad Er Det Der Gør Jul Til Noget Særligt,Lise Petersen,,,,,,,,,,
731,Pagten (Uden Hinanden),Julie Maria,,,,,,,,,,
732,Julekys,Fyr Og Flamme,,,,,,,,,,
733,This Christmas Day,Amy Macdonald,,,,,,,,,,
734,I En Stjerneregn Af Sne,Zophia,,,,,,,,,,
735,HERE (For Christmas),Lukas Graham,,,,,,,,,,
736,Har du plass?,Halva Priset,,,,,,,,,,
737,Snowman,Sia,,,,,,,,,,
738,It's Beginning to Look a Lot like Christmas,Michael Bublé,,,,,,,,,,
739,Little Drummer Boy,Kenny Rogers,,,,,,,,,,
740,The Power of Love,Gabrielle Aplin,,,,,,,,,,
741,Do They Know It's Christmas? (1984 Version),Band Aid,,,,,,,,,,
742,Feliz Navidad,José Feliciano,,,,,,,,,,
743,Wonderful Christmastime (Full Length Version / Remastered 2011),Paul McCartney,,,,,,,,,,
744,Have Yourself A Merry Little Christmas (Remastered 1999),Frank Sinatra,,,,,,,,,,
745,All I Want For Christmas Is You,Jamie Cullum,,,,,,,,,,
746,Santa Claus Is Coming To Town,Frank Sinatra,,,,,,,,,,
747,The Christmas Song (Merry Christmas To You),Nat King Cole,,,,,,,,,,
748,White Christmas,Bing Crosby,,,,,,,,,,
749,Turn On The Lights,Jamie Cullum,,,,,,,,,,
750,Rest Of Our Days,Ella Henderson,,,,,,,,,,
751,Tangled In Tinsel,Jessie James Decker,,,,,,,,,,
752,Here Comes Santa Claus (with The Tenors),Tom Gaebel,,,,,,,,,,
753,Christmas Time (Don't Let the Bells End),The Darkness,,,,,,,,,,
754,Christmas Saves The Year,Twenty One Pilots,,,,,,,,,,
755,Tidsrejsen 2 (Fra DRs Julekalender),Caroline Castell,,,,,,,,,,
756,Christmas Is All Around (Soundtrack Version),Billy Mack,,,,,,,,,,
757,JAG KOMMER INTE HEM TILL JUL,Emil Assergård,,,,,,,,,,
758,Santa Lucia,Andrea Bocelli,,,,,,,,,,
759,Santa Lucia,Tommy Seebach,,,,,,,,,,
760,Santa Lucia (feat. DR Børnekoret),Dr Pigekoret,,,,,,,,,,
761,Julefeber,Oh Land,,,,,,,,,,
762,Believe,Josh Groban,,,,,,,,,,
763,Suite from the Polar Express,Alan Silvestri,,,,,,,,,,
764,Selmas sang,Eva Weel Skram,,,,,,,,,,
765,Have Yourself A Merry Little Christmas,Frank Sinatra,,,,,,,,,,
766,Hang Your Lights,Jamie Cullum,,,,,,,,,,
767,Jul i Angora,Drengene fra Angora,,,,,,,,,,
768,White Christmas,Bing Crosby,,,,,,,,,,
769,When Christmas Comes to Town,Matthew Hall,,,,,,,,,,
770,The Pianoman at Christmas,Jamie Cullum,,,,,,,,,,
771,So Many Santas,Jamie Cullum,,,,,,,,,,
772,Do You Hear What I Hear?,Andrea Bocelli,,,,,,,,,,
773,Santa Claus Is Coming To Town,Andrea Bocelli,,,,,,,,,,
774,Jeg har en venn,Sindre Hotvedt,,,,,,,,,,
775,Du går aldri alene,Kristiania Magiske Tivoli Theater,,,,,,,,,,
776,Lille Spurv,Kristiania Magiske Tivoli Theater,,,,,,,,,,
777,Du går aldri alene,Sindre Hotvedt,,,,,,,,,,
778,De andres lys,Sindre Hotvedt,,,,,,,,,,
779,Jeg har en venn - teater,Sindre Hotvedt,,,,,,,,,,
780,Du ror inn i stormen,Sindre Hotvedt,,,,,,,,,,
781,Constances nattasang,Sindre Hotvedt,,,,,,,,,,
782,Lille spurv - Tikken,Sindre Hotvedt,,,,,,,,,,
783,Three Sleeps Left,David Bennett,,,,,,,,,,
784,Rondo Alla Turca,Wolfgang Amadeus Mozart,,,,,,,,,,
785,"Sinfonie No. 9 in E Minor ""Aus der neuen Welt"": IV. Allegro con fuoco",Chicago Symphony Orchestra,,,,,,,,,,
786,"Serenade No. 13 in G Major, K. 525 ""Eine kleine Nachtmusik"": II. Romance",Capella Istropolitana,,,,,,,,,,
787,Mozart - Alla turca from Piano Sonata No 11 - Best-of Classical Music,TheFbiFilesRepeat,,,,,,,,,,
788,Haydn - Trumpet Concerto - Best-of Classical Music,TheFbiFilesRepeat,,,,,,,,,,
789,"Peer Gynt Suite No. 1, Op. 46: Peet Gynt Suite No. 1, Op. 46: I. Morning",BBC Scottish Symphony Orchestra,,,,,,,,,,
790,Pomp and Circumstance March No. 1,Release,,,,,,,,,,
791,"21 Hungarian Dances for Orchestra, WoO 1: No. 5, Allegro (Arr. A. Parlow)",Release,,,,,,,,,,
792,Carmen: Prelude,Giorgio Lamberti,,,,,,,,,,
793,"Suite für Orchester Nr. 2 h-Moll, BWV 1067: VII. Badinerie",Milan Brunner,,,,,,,,,,
794,"Toccata & Fugue in D Minor, BWV 565: Toccata",Wolfgang Rübsam,,,,,,,,,,
795,Serenade,Orquesta Sinfonica de Ucrania,,,,,,,,,,
796,Ravel: Bolero [Boléro],Boston Pops Orchestra,,,,,,,,,,
797,Beethoven: Symphony No. 5 In C minor,St. Mark's Philharmonic Orchestra,,,,,,,,,,
798,"Sinfonie Nr. 9: ""Aus der Neuen Welt"", op. 95 E-Moll - Adagio - Allegro con fuoco",Das Große Klassik Orchester,,,,,,,,,,
799,Mozart's Eine Kleine Nachtmusik (1st Movement),International Free Music,,,,,,,,,,
800,Habanera (Remastered),RIAS Orchestra,,,,,,,,,,
801,William Tell Overture - Finale,Gioachino Rossini,,,,,,,,,,
802,"21 Hungarian Dances, WoO 1: No. 5, Allegro in F-Sharp Minor",David Parry,,,,,,,,,,
803,"Peer Gynt Suite No. 1, Op. 46: I. Morning Mood",David Parry,,,,,,,,,,
804,"Pomp and Circumstance, Op. 39: Military March No. 1 in D Major, Op. 39, ""Pomp and Circumstance""","Czech State Philharmonic Orchestra, Brno",,,,,,,,,,
805,Ride of the Valkyries,Richard Wagner,,,,,,,,,,
806,Waltz No.2,John Campbell,,,,,,,,,,
807,The Flight Of The Bumblebee,Nikolai Rimsky-Korsakov,,,,,,,,,,
808,Sabre Dance,Aram Khachaturian,,,,,,,,,,
809,Wedding March (from 'A Midsummer Night's Dream' Op.61),London Festival Orchestra,,,,,,,,,,
810,"An der schönen blauen Donau, Op. 314",London Philharmonic Orchestra,,,,,,,,,,
811,Radetzky March,Philadelphia Orchestra,,,,,,,,,,
812,Can-Can,Johann Strauss Orchestra,,,,,,,,,,
813,Tarantella Di Napoli,Joel Francisco Perri,,,,,,,,,,
814,"Also Sprach Zarathustra, Op. 30",Berlin Philharmonic Orchestra,,,,,,,,,,
815,"R. Strauss: Also sprach Zarathustra, Op. 30: I. Prelude. Sonnenaufgang",Berlin Philharmonic Orchestra,,,,,,,,,,
816,"J.S. Bach: Orchestral Suite No. 3 in D Major, BWV 1068: II. Air",Münchener Bach-Orchester,,,,,,,,,,
817,Jenkins: Palladio: I. Allegretto,Karl Jenkins,,,,,,,,,,
818,Vivaldi The 4 Seasons (Summer) Iii. Presto,Antonio Vivaldi,,,,,,,,,,
819,William Tell Overture,Gioachino Rossini,,,,,,,,,,
820,Waltz of the Flowers,London Symphony Orchestra,,,,,,,,,,
821,Swan Lake,Pyotr Ilyich Tchaikovsky,,,,,,,,,,
822,Piano Concerto No 1 in B Flat 1st Movement,Release,,,,,,,,,,
823,River Flows In You,Yiruma,,,,,,,,,,
824,Waltz of the Flowers from the Nutcracker,Release,,,,,,,,,,
825,"Comptine d'un autre été, l'après-midi",Yann Tiersen,,,,,,,,,,
826,Orpheus in the Underworld: Can Can,Charles Gerhardt,,,,,,,,,,
827,Symphony No. 9 (Finale Themes),Mark Grauer,,,,,,,,,,
828,Concierto de Aranjuez: II. Adagio,John Williams,,,,,,,,,,
829,Adagio (From Concierto de Aranjuez),James Last,,,,,,,,,,
830,Don't Cry For Me Argentina,Paul Mauriat,,,,,,,,,,
831,"Toccata and Fugue in D Minor, BWV 565 (Arr. Fox-Lefriche for Violin)",Maxim Vengerov,,,,,,,,,,
832,Canon in D,Kanon Orchestre de Chambre,,,,,,,,,,
833,Rodrigo: Concierto de Aranjuez for Guitar and Orchestra: II. Adagio (Version 1979),Narciso Yepes,,,,,,,,,,
834,"21 Hungarian Dances, WoO 1: No. 5 in G minor (orch. M. Schmeling)",Budapest Symphony Orchestra,,,,,,,,,,
835,Die diebische Elster: Ouvertüre,Berlin Philharmonic Orchestra,,,,,,,,,,
836,"Mozart: Le nozze di Figaro, K. 492: Overture",Berlin Philharmonic Orchestra,,,,,,,,,,
837,"Mendelssohn: Symphony No. 4 in A Major, Op. 90, MWV N16 ""Italian"": I. Allegro vivace",London Symphony Orchestra,,,,,,,,,,
838,Shostakovich: Jazz Suite No. 2: VI. Waltz II,Royal Concertgebouw Orchestra,,,,,,,,,,
839,"Saint-Saëns: Danse macabre, Op. 40",Philharmonia Orchestra,,,,,,,,,,
840,J. Strauss II: Die Fledermaus: Overture,Berlin Philharmonic Orchestra,,,,,,,,,,
841,"Dvořák: Slavonic Dances, Op. 46, B. 83: No. 8 in G Minor. Furiant. Presto",Russian National Orchestra,,,,,,,,,,
842,Von guten Mächten wunderbar geborgen - Instrumental 2022,Oliver Fietz,,,,,Piano,,,,,
843,Ich wollte nie erwachsen sein (Nessaja),Piano Instrumental,,,,,Piano,,,,,
844,"Oración (From ""Pokémon: The Rise of Darkrai"")",Moisés Nieto,,,,,Piano,,,,,
845,"The Sixth Station (From ""Spirited Away"")",Moisés Nieto,,,,,Piano,,,,,
846,Sword Art Online - Swordland (Main Theme) [Piano],Animenz Piano Sheets,,,,,Piano,,,,,
847,Hikaru Nara Your Lie in April OP1,Animenzz,,,,,Piano,,,,,
848,"Orange (From ""Your Lie in April"") (Ending 2) - Piano Arrangement",,,,,,Piano,,,,,
849,Come Back To Sorrento,Dean Martin,,,,,,,,,,
850,La maladie d'amour,Michel Sardou,,,,,,,,,,
851,Concerto D'amore,Banda da Sociedade Filarmónica de Cabanas de Viriato,,,,,,,,,,
852,Cassiopeia,National Republican Guard Sinfonic Band,,,,,,,,,,
853,Kia Hora Te Marino,Christopher Tin,,,,,,,,,,
854,Kia Hora Te Marino,Ad Hoc Wind Orchestra,,,,,,,,,,
855,Von guten Mächten wunderbar geborgen,Siegfried Fietz,,,,,,,,,,
856,Fanfare Festive,Landespolizeiorchester,,,,,,,,,,
857,Marche Des Soldats De Robert Bruce,Musique Principale des Troupes De Marine,,,,,,,,,,
858,Sound of Silence,Mathias Fritsche,,,,,,,,,,
859,Caruso, Lucio Dalla,,,,,,,,,,
860,Caruso,Andrea Bocelli,,,,,,,,,,
861,Saga Candida,Release,,,,,,,,,,
862,"Musikk fra Snøfall - arr Idar Torskangerpoll. Available for Brass and Concert Band Grade 2,5",Norsk Musikkforlag Band Music,,,,,,,,,,
863,"Søvnlaus (Hellbillies) - arr: Torskangerpoll. Available for Brass and Concert Band. Grade 2,5",Norsk Musikkforlag Band Music,,,,,,,,,,
864,"Den finast eg veit (Hellbillies) - /arr: Hannevik. Available for Brass and Concert Band. Grade 2,5.",Norsk Musikkforlag Band Music,,,,,,,,,,
865,"Selmas sang fra ""Snøfall"" (Selmas Song from ""Snowfall"")",Noteservice Wind Band,,,,,,,,,,
866,Santa Lucia fra Jul i Svingen,Noteservice Wind Band,,,,,,,,,,
867,Min første kjærlighet,Noteservice Concert Band,,,,,,,,,,
868,"Mot Lys - Inge Bremnes, Arr: Idar Torskangerpoll. Flex 4, Grade 2,5.",Norsk Musikkforlag Band Music,,,,,,,,,,
869,Riv i hjertet,Noteservice Wind Band,,,,,,,,,,
870,Himmel på jord,Noteservice Wind Band,,,,,,,,,,
871,Mein Regiment,Oberammergauer Blasmusik,,,,,,,,,,
872,Soul Bossa Nova,Quincy Jones,,,,,,,,,,
873,Goddess of Fire,Release,,,,,,,,,,
874,Chattanooga Choo-Choo,Glenn Miller,,,,,,,,,,
875,MacArthur Park,Jimmy Webb,,,,,,,,,,
876,Feeling Good,Anthony Newley,,,,,,,,,,
877,Flashing Winds,Release,,,,,,,,,,
878,Hopetown Holiday,Release,,,,,,,,,,
879,Seagate Overture,Release,,,,,,,,,,
880,Forever Young - Symphonic Version,Alphaville,,,,,,,,,,
881,Rocking all over the World,Release,,,,,,,,,,
882,Whatever You Want,Status Quo,,,,,,,,,,
883,Jump,Noteservice Wind Ensemble,,,,,,,,,,
884,MacArthur Park,Philharmonic Wind Orchestra,,,,,,,,,,
885,Jupiter Hymn from The Planets,Noteservice Wind Band,,,,,,,,,,
886,Child's Anthem,TOTO,,,,,,,,,,
887,Von guten Mächten wunderbar geborgen,Militärmusik Oberösterreich,,,,,,,,,,
888,Everest,Banda Marcial De Gueifães,,,,,,,,,,
889,Concerto d'Amore - Jacob de Haan,Orchestra Accademica,,,,,,,,,,
890,Carrickfergus,The Dubliners,,,,,,,,,,
891,Sous Le Ciel de Paris (Remastered),Édith Piaf,,,,,,,,,,
892,Sous le Ciel de Paris,Pomplamoose,,,,,,,,,,
893,"Moulin-Rouge (From ""Moulin-Rouge"")",Georges Guétary,,,,,,,,,,
894,La Vie En Rose,Édith Piaf,,,,,,,,,,
895,Les Feuilles Mortes,Andrea Bocelli,,,,,,,,,,
896,Kosma: Les feuilles mortes,François Le Roux,,,,,,,,,,
897,C'est Si Bon,Louis Armstrong,,,,,,,,,,
898,C'est Si Bon,,,,,,,,,,,
899,C'est si bon,Emilie-Claire Barlow,,,,,,,,,,
900,Return to Ithaca (Live),Musikverein Ayl,,,,,,,,,,
901,Tulpen uit Amsterdam,Herman Emmink,,,,,,,,,,
902,Anitra's Dance (from Peer Gynt),Edvard Grieg,,,,,,,,,,
903,It's Now Or Never,,,,,Neapolitan,,,,,,
904,La confessione,Maschera,,,,Neapolitan,,,,,,
905,Te vengo a cerca' (feat. Laye Ba),La Maschera,,,,Neapolitan,,,,,,
906,N'ata musica,La Maschera,,,,Neapolitan,,,,,,
907,Pullecenella,La Maschera,,,,Neapolitan,,,,,,
908,Amarcord,La Maschera,,,,Neapolitan,,,,,,
909,A chi appartieni,Foja,,,,Neapolitan,,,,,,
910,Nunn'è cosa,Foja,,,,Neapolitan,,,,,,
911,Palomma 'e mare,La Maschera,,,,Neapolitan,,,,,,
912,Mirella è Felice,La Maschera,,,,Neapolitan,,,,,,
913,Serenata,La Maschera,,,,Neapolitan,,,,,,
914,Sorry,Sondre Justad,,,,norwegisch,,,,,,
915,Da vi var to,Carina Dahl,,,,norwegisch,,,,,,
916,Om du vil,Eva Weel Skram,,,,norwegisch,,,,,,
917,Finaste,Eva Weel Skram,,,,norwegisch,,,,,,
918,Eg gløymer deg aldri,Hellbillies,,,,norwegisch,,,,,,
919,Riv i hjertet,Sondre Justad,,,,norwegisch,,,,,,
920,"20 år på vegen",Hellbillies,,,,norwegisch,,,,,,
921,Den fineste Chevy'n,Halva Priset,,,,norwegisch,,,,,,
922,"Her E Æ (Hei, Her Er Jeg)",Christel Alsos,,,,norwegisch,,,,,,
923,Drøymeland,Rotlaus,,,,norwegisch,,,,,,
924,Når vi to blir en,Rotlaus,,,,norwegisch,,,,,,
925,Ola Nordmann,Plumbo,,,,norwegisch,,,,,,
926,Ikaros,Inge Bremnes,,,,norwegisch,,,,,,
927,Siste song,Rotlaus,,,,norwegisch,,,,,,
928,Engler i sneen,Lene Marlin,,,,norwegisch,,,,,,
929,Digger deg,Plumbo,,,,norwegisch,,,,,,
930,Pause fra mæ sjøl,Sondre Justad,,,,norwegisch,,,,,,
931,Tilbake,Sondre Justad,,,,norwegisch,,,,,,
932,Jeg glemmer deg aldri (fra Rådebank),Emma Steinbakken,,,,norwegisch,,,,,,
933,Siste reis,Henning Kvitnes,,,,norwegisch,,,,,,
934,"20 år på vegen",Odd Nordstoga,,,,norwegisch,,,,,,
935,Floden,Bjørn Eidsvåg,,,,norwegisch,,,,,,
936,Holde Rundt Deg,Hver gang vi møtes,,,,norwegisch,,,,,,
937,Ikke som de andre,Sondre Justad,,,,norwegisch,,,,,,
938,Ka e du redd for,Bjørn Eidsvåg,,,,norwegisch,,,,,,
939,Den finast eg veit,Hellbillies,,,,norwegisch,,,,,,
940,Jovial,Bjørn Eidsvåg,,,,norwegisch,,,,,,
941,Befri mæ,Sondre Justad,,,,norwegisch,,,,,,
942,Kanskje du behøver noen,Lene Marlin,,,,norwegisch,,,,,,
943,Kor e du?,Sondre Justad,,,,norwegisch,,,,,,
944,Kompis,Halva Priset,,,,norwegisch,,,,,,
945,Adieu,Kurt Nilsen,,,,norwegisch,,,,,,
946,En anna mæ,Sondre Justad,,,,norwegisch,,,,,,
947,Hjemme,Hver gang vi møtes,,,,norwegisch,,,,,,
948,Den fyrste song,Marcus & Martinus,,,,norwegisch,,,,,,
949,Du e alt,Espen Lind,,,,norwegisch,,,,,,
950,All Together Now,The Farm,,,Spartacus,englisch,Vocal,Medium,Loud,Melancholic,"Pop-Rock,Pop,Britpop","Euphorisch,Energiegeladen,Befreiend,Heroisch/episch,Kraftvoll,Aufbruch,Stolz"
951,Don’t Look Back in Anger,Oasis,,,,englisch,Vocal,Medium,Loud,Melancholic,"Pop-Rock,Pop,Alternative Rock,Indie Rock,Britpop","Passionate,Hopeful,Euphorisch,Energiegeladen,Befreiend,Aufbruch,Emotional"
952,Go West,Pet Shop Boys,,,,englisch,Vocal,Medium,Loud,Euphoric,"Synthpop,Pop,Dancepop,Disco","Melancholic,Hopeful,Majestic,Euphorisch,Heroisch/episch,Kraftvoll,Aufbruch,Stolz"
953,Cryin',Aerosmith,,,,englisch,Vocal,Medium,Calm,Melancholic,"Rock,Hard-Rock,Power-Ballade,Blues-Rock,Glam Metal","Energiegeladen,Dramatisch,Kraftvoll,Emotional"
